krislab.site,CobaltStrike
msn-microsoft.org,CobaltStrike
s2cloud-amazon.com,CobaltStrike
s3bucket-azure.online,CobaltStrike
s3cloud-azure.com,CobaltStrike
s3-microsoft.com,CobaltStrike
trendmicrotech.com,CobaltStrike
visualstudio-microsoft.com,CobaltStrike
xtools.lol,CobaltStrike
42d4eb7f04111631891379c5cce55480d2d9d2ef8feaf1075e1aed0c52df4bb9,StormBamboo
95062728536f23b1335756ae1a1d68f1df22d58594ece9998cae6b73772fd49f,StormBamboo
6a4de5c7787e212dea5f033f8f7cd39aefc93e7c83c8564dc2204813e8e76ff2,StormBamboo
27042218e8d1a0491525b35a6dc2fc0737841bcaed65b751e78769eadeda9751,StormBamboo
c32156a7de42a61f5d584e82dfbced690d23fd72080024c14a9143e5f20f0ad8,StormBamboo
a298031b1c28f11f00d3b9f6311fbfae881d6c789e70c4bc5e6ccdf8165b94c6,StormBamboo
cdde7878ed0529f9ef3ad58aa3084f1df6e2fb371807b15539187539b060fed2,StormBamboo
6f274955b1fb58cc9a60476bc5a9cd9d54c962cc29e73db41b7786148cb74505,StormBamboo
09abc579097b0bd8d115702bb1eeb546d2401373c83385a52386ad4243f945e8,StormBamboo
292f70bff5717608c289f4146febcc06a2c5d8192529a8c51e18ec0f7b44d1cf,StormBamboo
cd8630f8e07e16203195f563457a84beb08112fcbb4d9ee1056a788174cf8f6b,StormBamboo
98ddf03ca6ade4770cc06ac8034b3468bd94094f5813d28b74885e5ca6958895,StormBamboo
03365cce37db511fdfaf8d77a14f806a2d822a111aa8cc032b5b341c0b0064a5,StormBamboo
1378bde3aee0057ca2a5854fee4d184479491ec624a3bbf215098afaa6b82299,StormBamboo
b17660d1a4c0258739024187497be0b11530791d1307d9e5556f04f0ac58d42f,StormBamboo
b450311b5fc4333b26955f7c709ca61fcfdba168f1a8839a93979a892a8c22cc,StormBamboo
39f1c7095e1db05944eeda08a2e1c1b8c513ea581bfc0cb36ad106e3a8f38b5f,StormBamboo
0c8c0b2837fbb9c15da1bfb904ed3f3903e2d4d49c999394068f274b014a09dd,StormBamboo
a113c637bb81f9bbd39731672b242a8da5915ef4b5e93d72cc9a7454b5e120bd,StormBamboo
4aeaa0d954268d4fc7179ec7578258c3459ee95b82698363e0cafb700c05181a,StormBamboo
d0575b3ced944dc627d047c60f23d25bd3aa0c4deab69f784b9a80aae50fbd7b,StormBamboo
25b9fdef3061c7dfea744830774ca0e289dba7c14be85f0d4695d382763b409b,StormBamboo
6d64643c044fe534dbb2c1158409138fcded757e550c6f79eada15e69a7865bc,StormBamboo
103.159.133.209,StormBamboo
45.192.178.208,StormBamboo
38.54.71.140,Snappybee
103.159.133.205,CobaltStrike
103.103.131.40,CobaltStrike
103.15.28.228,CobaltStrike
154.220.3.17,CobaltStrike
156.255.2.202,CobaltStrike
103.103.128.121,CobaltStrike
162.19.135.182,CobaltStrike
148.163.122.82,IP
138.124.20.30,IP
65.21.151.17,IP
193.36.38.122,IP
cdglobalclouds.com,CobaltStrike
broadmediacloud.com,CobaltStrike
zmail.broadmediacloud.com,CrowDoor
www.nodtecloud.com,CrowDoor
mail2-0da8aa1c.oxcdntech.com,Zingdoor
helpdesk.athenatechlabs.com,CrowDoor
supports.flarecastdns.com,CrowDoor
ns.starkaero.com,Cobeacon
pay.johannesburghotel.net,CRYPTMERLIN
kidshomeworkabc.global.ssl.fastly.net,Cobeacon
ap.missmichiko.com,Zingdoor
portal.sppokemon.com,Zingdoor
svn.truecdnetwork.com,Cobeacon
lync.realtxholdem.com,Cobeacon
globalnetzone.b-cdn.net,Cobeacon
amazondns.com,Cobeacon
www.euphemismscase.site,Cobeacon
www.dbacloudsupport.com,Cobeacon
www.cloudshappen.com,Cobeacon
www.amazoncdns.com,Cobeacon
supports.dbacloudsupport.com,Cobeacon
ssl3.awsdns-531.com,Cobeacon
soffice.offices-analytics.com,Cobeacon
services.offices-analytics.com,Cobeacon
resource.offices-analytics.com,Cobeacon
redsquare.redcrossco.com,Cobeacon
portal.techmersion.com,Cobeacon
portal.cdglobalclouds.com,Cobeacon
opengl.cloudshappen.com,Cobeacon
ns108.cloudshappen.com,Cobeacon
ns101.awsdns-531.com,Cobeacon
ms119.newsfreecloud.com,Cobeacon
ms101.cloudshappen.com,Cobeacon
mail.euphemismscase.site,Cobeacon
llnw-dd.awsdns-531.com,Cobeacon
images.dbacloudsupport.com,Cobeacon
helpdesk.cloudshappen.com,Cobeacon
helpdesk.athenatechlabs.com,Cobeacon
global.techmersion.com,Cobeacon
ge.huseinhbz.click,Cobeacon
ftp.techmersion.com,Cobeacon
euphemismscase.site,Cobeacon
emv1.cdglobalclouds.com,Cobeacon
de.huseinhbz.click,Cobeacon
credits.offices-analytics.com,Cobeacon
cloudsrv.cloudfrontsrv.com,Cobeacon
cdn181.awsdns-531.com,Cobeacon
cdn101.cloudflaresrv.com,Cobeacon
cdglobalclouds.com,Cobeacon
cas04.awsdns-531.com,Cobeacon
cachecloud.cloudflaresrv.com,Cobeacon
cache10.newsfreecloud.com,Cobeacon
c11r1.awsdns-531.com,Cobeacon
blog.techmersion.com,Cobeacon
auth.boxlibraries.com,Cobeacon
poki.com,Cobeacon
ns2.todayus.space,Cobeacon
fastcloudcdn.store,Cobeacon
sync.fastcloudcdn.store,Cobeacon
f9261cde697b987c4feae1e3ca7e1b03,MD5
d3a3b7734f223a2040867c5370a4b7e52116ec54,SHA1
96b2bbb54d31138274bfd455787d51f4ac7b80ebb64af3cd47ff5cc309f258cd,SHA256
76fa8207746302446fb0c85a290834e7,MD5
a0bef5bf26222bd3349dc566dbbf07caf1b1aa4d,SHA1
cb01e9c8ecf1fecf37eddf4065cc62b3926e9568dc7ebb409936d9b7632dc5ab,SHA256
EDD0EBFD2A6AB69BDDD94C2BC458A241,MD5
B29BF9CAA652B77999F2604C400D7ABDCDD24443,SHA1
e118f329cb654b2e47f7784443aff2775acf57b0e3cb6d0ee906a402e74868b8,SHA256
3d150f481059703ad3f679b82a939523,MD5
21d05d8d52b897f4a56a9c6430be266c341948b2,SHA1
56af0c6fc6686b261c440973d419c37852cde232dafc0970c526033f7f86438c,SHA256
e8c4dd94da8374f9610b42d1220b5f36,MD5
5040d8680a276ad277896d69275d6c6231fab15f,SHA1
27b5796d84633c5c4cad496c4df42a56413fd1e0218b15c34b4c15032893b365,SHA256
b30652d53c40079ce57935bec3852453,MD5
6a995b32adc4202ad6221f21f00871f1b1d29af8,SHA1
fb6700a336b87fbbae68fa0351916b51fb17a0ee07ea16e52ed1b77baa777455,SHA256
